{"cameraMode":{"drawMode":0,"name":"Shaded","section":"Shading Mode"},"sceneLighting":true,"audioPlay":false,"sceneViewState":{"m_AlwaysRefresh":false,"showFog":true,"showSkybox":true,"showFlares":true,"showImageEffects":true,"showParticleSystems":true,"showVisualEffectGraphs":true,"m_FxEnabled":true},"in2DMode":false,"pivot":{"x":15.42454719543457,"y":4.465243816375732,"z":0.6350411772727966},"rotation":{"x":0.07193600386381149,"y":0.006880283821374178,"z":-0.0004961370141245425,"w":0.9973856806755066},"size":11.94308853149414,"orthographic":false}