{"cameraMode":{"drawMode":0,"name":"Shaded","section":"Shading Mode"},"sceneLighting":true,"audioPlay":false,"sceneViewState":{"m_AlwaysRefresh":false,"showFog":true,"showSkybox":true,"showFlares":true,"showImageEffects":true,"showParticleSystems":true,"showVisualEffectGraphs":true,"m_FxEnabled":true},"in2DMode":false,"pivot":{"x":3.3151907920837404,"y":6.6365437507629398,"z":-16.695720672607423},"rotation":{"x":-0.004735971800982952,"y":0.9879330396652222,"z":-0.1517355740070343,"w":-0.030837297439575197},"size":12.200007438659668,"orthographic":false}