{"cameraMode":{"drawMode":0,"name":"Shaded","section":"Shading Mode"},"sceneLighting":true,"audioPlay":false,"sceneViewState":{"m_AlwaysRefresh":false,"showFog":true,"showSkybox":true,"showFlares":true,"showImageEffects":true,"showParticleSystems":true,"showVisualEffectGraphs":true,"m_FxEnabled":true},"in2DMode":false,"pivot":{"x":-0.5986745357513428,"y":5.936220169067383,"z":-18.763744354248048},"rotation":{"x":0.42894285917282107,"y":-0.016258709132671357,"z":0.007721516769379377,"w":0.9031538963317871},"size":11.527176856994629,"orthographic":false}