{"cameraMode":{"drawMode":0,"name":"Shaded","section":"Shading Mode"},"sceneLighting":true,"audioPlay":false,"sceneViewState":{"m_AlwaysRefresh":false,"showFog":true,"showSkybox":true,"showFlares":true,"showImageEffects":true,"showParticleSystems":true,"showVisualEffectGraphs":true,"m_FxEnabled":true},"in2DMode":false,"pivot":{"x":-0.0074863433837890629,"y":-0.7475175857543945,"z":1.885732650756836},"rotation":{"x":-0.3598911464214325,"y":-0.07211203873157501,"z":0.02791239693760872,"w":-0.9297851920127869},"size":4.047137260437012,"orthographic":false}