{"cameraMode":{"drawMode":0,"name":"Shaded","section":"Shading Mode"},"sceneLighting":true,"audioPlay":false,"sceneViewState":{"m_AlwaysRefresh":false,"showFog":true,"showSkybox":true,"showFlares":true,"showImageEffects":true,"showParticleSystems":true,"showVisualEffectGraphs":true,"m_FxEnabled":true},"in2DMode":false,"pivot":{"x":374.14202880859377,"y":200.52151489257813,"z":0.014236846938729287},"rotation":{"x":0.026055805385112764,"y":0.04347265139222145,"z":-0.00112142285797745,"w":0.9987196922302246},"size":273.6209411621094,"orthographic":false}