{"cameraMode":{"drawMode":0,"name":"Shaded","section":"Shading Mode"},"sceneLighting":true,"audioPlay":false,"sceneViewState":{"m_AlwaysRefresh":false,"showFog":true,"showSkybox":true,"showFlares":true,"showImageEffects":true,"showParticleSystems":true,"showVisualEffectGraphs":true,"m_FxEnabled":true},"in2DMode":false,"pivot":{"x":-0.05965852737426758,"y":14.04494857788086,"z":-20.362024307250978},"rotation":{"x":0.17214177548885346,"y":0.2410878986120224,"z":-0.04350390285253525,"w":0.9541308879852295},"size":16.00711441040039,"orthographic":false}