{"cameraMode":{"drawMode":0,"name":"Shaded","section":"Shading Mode"},"sceneLighting":true,"audioPlay":false,"sceneViewState":{"m_AlwaysRefresh":false,"showFog":true,"showSkybox":true,"showFlares":true,"showImageEffects":true,"showParticleSystems":true,"showVisualEffectGraphs":true,"m_FxEnabled":true},"in2DMode":false,"pivot":{"x":374.14202880859377,"y":200.52151489257813,"z":0.014236846938729287},"rotation":{"x":0.12771271169185639,"y":-0.017849544063210489,"z":0.0023110436741262676,"w":0.9916534423828125},"size":273.6209411621094,"orthographic":false}