{"cameraMode":{"drawMode":0,"name":"Shaded","section":"Shading Mode"},"sceneLighting":true,"audioPlay":false,"sceneViewState":{"m_AlwaysRefresh":false,"showFog":true,"showSkybox":true,"showFlares":true,"showImageEffects":true,"showParticleSystems":true,"showVisualEffectGraphs":true,"m_FxEnabled":true},"in2DMode":false,"pivot":{"x":-0.2910515367984772,"y":13.461697578430176,"z":11.964139938354493},"rotation":{"x":0.18489201366901399,"y":0.020044930279254915,"z":-0.0037721721455454828,"w":0.9825482964515686},"size":15.33781909942627,"orthographic":false}