{"cameraMode":{"drawMode":0,"name":"Shaded","section":"Shading Mode"},"sceneLighting":true,"audioPlay":false,"sceneViewState":{"m_AlwaysRefresh":false,"showFog":true,"showSkybox":true,"showFlares":true,"showImageEffects":true,"showParticleSystems":true,"showVisualEffectGraphs":true,"m_FxEnabled":true},"in2DMode":false,"pivot":{"x":13.370622634887696,"y":8.608918190002442,"z":1.3833255767822266},"rotation":{"x":0.1390414983034134,"y":0.2804633378982544,"z":-0.041098400950431827,"w":0.9488528966903687},"size":19.237812042236329,"orthographic":false}