{"cameraMode":{"drawMode":0,"name":"Shaded","section":"Shading Mode"},"sceneLighting":true,"audioPlay":false,"sceneViewState":{"m_AlwaysRefresh":false,"showFog":true,"showSkybox":true,"showFlares":true,"showImageEffects":true,"showParticleSystems":true,"showVisualEffectGraphs":true,"m_FxEnabled":true},"in2DMode":false,"pivot":{"x":-1.8694865703582764,"y":-0.6323477029800415,"z":27.484285354614259},"rotation":{"x":-0.15267989039421082,"y":0.019861482083797456,"z":-0.0030608619563281538,"w":-0.9880788326263428},"size":22.711864471435548,"orthographic":false}